fold,window,train_weeks,test_weeks,candidate,n_factors,removed,train_sharpe,test_sharpe,train_ann_ret,test_ann_ret,test_ann_vol,test_max_dd,active_train,active_test,n_train,n_test
0,2019-12-30 → 2022-06-20,2019-12-30 → 2021-12-20,2021-12-27 → 2022-06-20,all_11,11,,1.4929124270683491,3.6807423293240347,0.40893585819278444,0.5159021098114602,0.11519141438994743,-0.037242513615524775,54,26,104,26
0,2019-12-30 → 2022-06-20,2019-12-30 → 2021-12-20,2021-12-27 → 2022-06-20,no_AVOL,10,AVOL,1.74249627365115,3.558373367458092,0.4507798246621164,0.5044418847779755,0.11706221913843758,-0.039032824912478614,54,26,104,26
0,2019-12-30 → 2022-06-20,2019-12-30 → 2021-12-20,2021-12-27 → 2022-06-20,no_Q,10,Q,1.386578977093175,4.037194693282704,0.3743153401131927,0.5728628555084512,0.11421022899781044,-0.04319198898753862,54,26,104,26
0,2019-12-30 → 2022-06-20,2019-12-30 → 2021-12-20,2021-12-27 → 2022-06-20,no_RSJ,10,RSJ,1.4983775419386542,3.6863161755493175,0.41314138275863255,0.49412859852455737,0.11093931766965437,-0.031013920156609864,54,26,104,26
0,2019-12-30 → 2022-06-20,2019-12-30 → 2021-12-20,2021-12-27 → 2022-06-20,no_OFI,10,OFI,1.3472748581001022,3.915589405278949,0.3721742787602915,0.5793768437183535,0.1189507023609872,-0.03908284417771679,54,26,104,26
0,2019-12-30 → 2022-06-20,2019-12-30 → 2021-12-20,2021-12-27 → 2022-06-20,no_CPVm,10,CPVm,1.4804025139297083,3.3409632248704306,0.41140905864474386,0.4690542593723932,0.1175119689753776,-0.0370997929390281,54,26,104,26
0,2019-12-30 → 2022-06-20,2019-12-30 → 2021-12-20,2021-12-27 → 2022-06-20,no_CPVv,10,CPVv,1.274056181296773,2.632205031567841,0.36689283495558755,0.3751990792123219,0.12419796075239829,-0.04265283230672978,54,26,104,26
0,2019-12-30 → 2022-06-20,2019-12-30 → 2021-12-20,2021-12-27 → 2022-06-20,no_WRspread,10,WRspread,1.4929124270683491,3.6807423293240347,0.40893585819278444,0.5159021098114602,0.11519141438994743,-0.037242513615524775,54,26,104,26
0,2019-12-30 → 2022-06-20,2019-12-30 → 2021-12-20,2021-12-27 → 2022-06-20,no_TopChg,10,TopChg,1.4929124270683491,3.6807423293240347,0.40893585819278444,0.5159021098114602,0.11519141438994743,-0.037242513615524775,54,26,104,26
0,2019-12-30 → 2022-06-20,2019-12-30 → 2021-12-20,2021-12-27 → 2022-06-20,no_Quad,10,Quad,1.4929124270683491,3.6807423293240347,0.40893585819278444,0.5159021098114602,0.11519141438994743,-0.037242513615524775,54,26,104,26
0,2019-12-30 → 2022-06-20,2019-12-30 → 2021-12-20,2021-12-27 → 2022-06-20,no_TKU,10,TKU,1.4407832585139535,3.994657786355556,0.39202898598567204,0.5605459210613737,0.1134176007149798,-0.034670573447571296,54,26,104,26
0,2019-12-30 → 2022-06-20,2019-12-30 → 2021-12-20,2021-12-27 → 2022-06-20,no_TSKD,10,TSKD,1.5942028661340135,3.3636316206830537,0.4462563675686131,0.5098978700946009,0.12520638422250516,-0.03868287198959386,54,26,104,26
1,2020-06-29 → 2022-12-19,2020-06-29 → 2022-06-20,2022-06-27 → 2022-12-19,all_11,11,,1.8818515131301166,-1.0169758869288505,0.5633600565623476,-0.11170115160850702,0.11052184197469356,-0.10649008361895229,80,26,104,26
1,2020-06-29 → 2022-12-19,2020-06-29 → 2022-06-20,2022-06-27 → 2022-12-19,no_AVOL,10,AVOL,2.1502642850982467,-0.8973242355741179,0.6067390964593131,-0.10272138100492856,0.11368923580951373,-0.1042889093069046,80,26,104,26
1,2020-06-29 → 2022-12-19,2020-06-29 → 2022-06-20,2022-06-27 → 2022-12-19,no_Q,10,Q,1.8112129462832751,-1.1287391070252881,0.5390726059024709,-0.11963292050246055,0.10777112208951815,-0.10737418743744265,80,26,104,26
1,2020-06-29 → 2022-12-19,2020-06-29 → 2022-06-20,2022-06-27 → 2022-12-19,no_RSJ,10,RSJ,1.8740302874897636,-1.2242576481898186,0.5623653879137704,-0.1268917002945219,0.10623164997322183,-0.09755885825687682,80,26,104,26
1,2020-06-29 → 2022-12-19,2020-06-29 → 2022-06-20,2022-06-27 → 2022-12-19,no_OFI,10,OFI,1.7622829690096027,-0.9991662907685026,0.5382634313910026,-0.10548617776737923,0.10600902967604624,-0.10624431399508627,80,26,104,26
1,2020-06-29 → 2022-12-19,2020-06-29 → 2022-06-20,2022-06-27 → 2022-12-19,no_CPVm,10,CPVm,1.8321377461809858,-1.1307617951817976,0.553861690846964,-0.1272926591064114,0.1146123971136523,-0.10928759671956223,80,26,104,26
1,2020-06-29 → 2022-12-19,2020-06-29 → 2022-06-20,2022-06-27 → 2022-12-19,no_CPVv,10,CPVv,1.5417720449046135,-0.6535531216872129,0.48021861058426274,-0.07589252955991022,0.11146850602476165,-0.09720960751239693,80,26,104,26
1,2020-06-29 → 2022-12-19,2020-06-29 → 2022-06-20,2022-06-27 → 2022-12-19,no_WRspread,10,WRspread,1.8818515131301166,-1.0169758869288505,0.5633600565623476,-0.11170115160850702,0.11052184197469356,-0.10649008361895229,80,26,104,26
1,2020-06-29 → 2022-12-19,2020-06-29 → 2022-06-20,2022-06-27 → 2022-12-19,no_TopChg,10,TopChg,1.8818515131301166,-1.0169758869288505,0.5633600565623476,-0.11170115160850702,0.11052184197469356,-0.10649008361895229,80,26,104,26
1,2020-06-29 → 2022-12-19,2020-06-29 → 2022-06-20,2022-06-27 → 2022-12-19,no_Quad,10,Quad,1.8818515131301166,-1.0169758869288505,0.5633600565623476,-0.11170115160850702,0.11052184197469356,-0.10649008361895229,80,26,104,26
1,2020-06-29 → 2022-12-19,2020-06-29 → 2022-06-20,2022-06-27 → 2022-12-19,no_TKU,10,TKU,1.8588803565538128,-0.9980402209008304,0.5558488988326,-0.1103112844651607,0.11101172330742123,-0.10868778777420307,80,26,104,26
1,2020-06-29 → 2022-12-19,2020-06-29 → 2022-06-20,2022-06-27 → 2022-12-19,no_TSKD,10,TSKD,1.9704013224560288,-0.9341950117352463,0.6031795972150269,-0.1167018404275102,0.12461671708384897,-0.11923574082513855,80,26,104,26
2,2020-12-28 → 2023-06-19,2020-12-28 → 2022-12-19,2022-12-26 → 2023-06-19,all_11,11,,2.1301734772096537,1.0387801397793799,0.6361539690681708,0.11451048624883953,0.1100897852257067,-0.07523993972321208,104,26,104,26
2,2020-12-28 → 2023-06-19,2020-12-28 → 2022-12-19,2022-12-26 → 2023-06-19,no_AVOL,10,AVOL,2.4525940023471677,1.2471289371241165,0.6857865131284839,0.13569882133362987,0.10654397960163206,-0.058639581471516156,104,26,104,26
2,2020-12-28 → 2023-06-19,2020-12-28 → 2022-12-19,2022-12-26 → 2023-06-19,no_Q,10,Q,2.0327375740164775,0.9709744657041576,0.6036572171714705,0.11911397078639374,0.12355237668344454,-0.0858918485762542,104,26,104,26
2,2020-12-28 → 2023-06-19,2020-12-28 → 2022-12-19,2022-12-26 → 2023-06-19,no_RSJ,10,RSJ,2.1025518658059625,0.7846274702818011,0.6275520920835655,0.07708920732471825,0.10099191582905392,-0.06855038641697508,104,26,104,26
2,2020-12-28 → 2023-06-19,2020-12-28 → 2022-12-19,2022-12-26 → 2023-06-19,no_OFI,10,OFI,2.0396307266860347,0.6526231462321239,0.6213785081559755,0.07845888078614593,0.12791101462256063,-0.09742356934883634,104,26,104,26
2,2020-12-28 → 2023-06-19,2020-12-28 → 2022-12-19,2022-12-26 → 2023-06-19,no_CPVm,10,CPVm,1.994890341943484,0.639839769996827,0.6058317966028159,0.06062666169084907,0.09950367377807025,-0.07158559041316759,104,26,104,26
2,2020-12-28 → 2023-06-19,2020-12-28 → 2022-12-19,2022-12-26 → 2023-06-19,no_CPVv,10,CPVv,1.8353380166500748,1.2676343551696634,0.5766631318147752,0.14802790527535992,0.11396184107542284,-0.07473778820102073,104,26,104,26
2,2020-12-28 → 2023-06-19,2020-12-28 → 2022-12-19,2022-12-26 → 2023-06-19,no_WRspread,10,WRspread,2.1301734772096537,1.0387801397793799,0.6361539690681708,0.11451048624883953,0.1100897852257067,-0.07523993972321208,104,26,104,26
2,2020-12-28 → 2023-06-19,2020-12-28 → 2022-12-19,2022-12-26 → 2023-06-19,no_TopChg,10,TopChg,2.1301734772096537,1.0387801397793799,0.6361539690681708,0.11451048624883953,0.1100897852257067,-0.07523993972321208,104,26,104,26
2,2020-12-28 → 2023-06-19,2020-12-28 → 2022-12-19,2022-12-26 → 2023-06-19,no_Quad,10,Quad,2.1301734772096537,1.0387801397793799,0.6361539690681708,0.11451048624883953,0.1100897852257067,-0.07523993972321208,104,26,104,26
2,2020-12-28 → 2023-06-19,2020-12-28 → 2022-12-19,2022-12-26 → 2023-06-19,no_TKU,10,TKU,2.0753071569765793,1.3637771123330178,0.6219227769846976,0.15781437498020834,0.11201043574448255,-0.07256922021789491,104,26,104,26
2,2020-12-28 → 2023-06-19,2020-12-28 → 2022-12-19,2022-12-26 → 2023-06-19,no_TSKD,10,TSKD,2.1979285417118892,1.4318434217167664,0.6746106630108599,0.1678610169098247,0.11280939744905376,-0.06825566603027478,104,26,104,26
3,2021-06-28 → 2023-12-18,2021-06-28 → 2023-06-19,2023-06-26 → 2023-12-18,all_11,11,,1.2030345379360496,2.2181300770426122,0.15569266296851225,0.2523495768054411,0.10402394985197405,-0.060227643092519156,104,26,104,26
3,2021-06-28 → 2023-12-18,2021-06-28 → 2023-06-19,2023-06-26 → 2023-12-18,no_AVOL,10,AVOL,1.4728706927922837,3.7402741008577483,0.18814339201991315,0.45809129357120293,0.10254534228306819,-0.03840831630711916,104,26,104,26
3,2021-06-28 → 2023-12-18,2021-06-28 → 2023-06-19,2023-06-26 → 2023-12-18,no_Q,10,Q,1.0603293913654543,1.5815342933111878,0.1397002459733574,0.187624415495109,0.112804738872722,-0.06595346941002822,104,26,104,26
3,2021-06-28 → 2023-12-18,2021-06-28 → 2023-06-19,2023-06-26 → 2023-12-18,no_RSJ,10,RSJ,1.0691651031900422,3.260236961344474,0.13105752176688856,0.35043760350103903,0.09371056910607499,-0.04329776205172686,104,26,104,26
3,2021-06-28 → 2023-12-18,2021-06-28 → 2023-06-19,2023-06-26 → 2023-12-18,no_OFI,10,OFI,1.175601255850143,1.472625331902492,0.16015158471463953,0.17896234451650073,0.11645970308086874,-0.06888813699780771,104,26,104,26
3,2021-06-28 → 2023-12-18,2021-06-28 → 2023-06-19,2023-06-26 → 2023-12-18,no_CPVm,10,CPVm,1.01090246980596,2.4905358926725016,0.1252569704068649,0.2516835579714132,0.09196788573340313,-0.05263903691075145,104,26,104,26
3,2021-06-28 → 2023-12-18,2021-06-28 → 2023-06-19,2023-06-26 → 2023-12-18,no_CPVv,10,CPVv,1.0832293222482177,1.270185660801846,0.15127339067091072,0.13414307632389222,0.10329718711318471,-0.07340560981857502,104,26,104,26
3,2021-06-28 → 2023-12-18,2021-06-28 → 2023-06-19,2023-06-26 → 2023-12-18,no_WRspread,10,WRspread,1.2030345379360496,2.2181300770426122,0.15569266296851225,0.2523495768054411,0.10402394985197405,-0.060227643092519156,104,26,104,26
3,2021-06-28 → 2023-12-18,2021-06-28 → 2023-06-19,2023-06-26 → 2023-12-18,no_TopChg,10,TopChg,1.2030345379360496,2.2181300770426122,0.15569266296851225,0.2523495768054411,0.10402394985197405,-0.060227643092519156,104,26,104,26
3,2021-06-28 → 2023-12-18,2021-06-28 → 2023-06-19,2023-06-26 → 2023-12-18,no_Quad,10,Quad,1.2030345379360496,2.2181300770426122,0.15569266296851225,0.2523495768054411,0.10402394985197405,-0.060227643092519156,104,26,104,26
3,2021-06-28 → 2023-12-18,2021-06-28 → 2023-06-19,2023-06-26 → 2023-12-18,no_TKU,10,TKU,1.2770762807993017,1.9376854668328167,0.16941221058250977,0.2344449332691807,0.11204545174154376,-0.06424485118423429,104,26,104,26
3,2021-06-28 → 2023-12-18,2021-06-28 → 2023-06-19,2023-06-26 → 2023-12-18,no_TSKD,10,TSKD,1.2642943223546255,2.129789079390641,0.17178063920181064,0.25443255372947204,0.10938387910139222,-0.06663315763428135,104,26,104,26
4,2021-12-27 → 2024-06-17,2021-12-27 → 2023-12-18,2023-12-25 → 2024-06-17,all_11,11,,1.4692150434678397,0.5003201934424215,0.17087355487427258,0.04552285005977974,0.09812670806328713,-0.03848370825435565,104,26,104,26
4,2021-12-27 → 2024-06-17,2021-12-27 → 2023-12-18,2023-12-25 → 2024-06-17,no_AVOL,10,AVOL,1.8488144046125905,0.08028163997860552,0.22274995848828572,0.0031725633189243485,0.10707991313261335,-0.05156726399681222,104,26,104,26
4,2021-12-27 → 2024-06-17,2021-12-27 → 2023-12-18,2023-12-25 → 2024-06-17,no_Q,10,Q,1.3666315359660979,0.20813521500838292,0.16473471893987468,0.017073001450416125,0.10794609820256686,-0.06001928244180066,104,26,104,26
4,2021-12-27 → 2024-06-17,2021-12-27 → 2023-12-18,2023-12-25 → 2024-06-17,no_RSJ,10,RSJ,1.569402894809858,0.7100546666203796,0.17366883569830516,0.06719836641956922,0.09805824454697867,-0.03378913094678371,104,26,104,26
4,2021-12-27 → 2024-06-17,2021-12-27 → 2023-12-18,2023-12-25 → 2024-06-17,no_OFI,10,OFI,1.287578815491788,0.6080421719687695,0.1576948112875458,0.06045874339107815,0.1052378982536556,-0.04370897258856965,104,26,104,26
4,2021-12-27 → 2024-06-17,2021-12-27 → 2023-12-18,2023-12-25 → 2024-06-17,no_CPVm,10,CPVm,1.2830104498246178,0.2073604560760076,0.14219666645311846,0.015240532643690852,0.09250237419591616,-0.0481060342620101,104,26,104,26
4,2021-12-27 → 2024-06-17,2021-12-27 → 2023-12-18,2023-12-25 → 2024-06-17,no_CPVv,10,CPVv,1.1664236047067102,0.6327126686649632,0.13416720715173658,0.05959731988615258,0.09885991352890174,-0.04547144423911109,104,26,104,26
4,2021-12-27 → 2024-06-17,2021-12-27 → 2023-12-18,2023-12-25 → 2024-06-17,no_WRspread,10,WRspread,1.4692150434678397,0.5003201934424215,0.17087355487427258,0.04552285005977974,0.09812670806328713,-0.03848370825435565,104,26,104,26
4,2021-12-27 → 2024-06-17,2021-12-27 → 2023-12-18,2023-12-25 → 2024-06-17,no_TopChg,10,TopChg,1.4692150434678397,0.5003201934424215,0.17087355487427258,0.04552285005977974,0.09812670806328713,-0.03848370825435565,104,26,104,26
4,2021-12-27 → 2024-06-17,2021-12-27 → 2023-12-18,2023-12-25 → 2024-06-17,no_Quad,10,Quad,1.4692150434678397,0.5003201934424215,0.17087355487427258,0.04552285005977974,0.09812670806328713,-0.03848370825435565,104,26,104,26
4,2021-12-27 → 2024-06-17,2021-12-27 → 2023-12-18,2023-12-25 → 2024-06-17,no_TKU,10,TKU,1.5621588087594707,1.1795645012200169,0.18687866581823842,0.10394980622186933,0.08696046066338609,-0.021484002994945905,104,26,104,26
4,2021-12-27 → 2024-06-17,2021-12-27 → 2023-12-18,2023-12-25 → 2024-06-17,no_TSKD,10,TSKD,1.4622703918947364,0.3550332855157375,0.18228816977129414,0.03381611686004837,0.10975049162716324,-0.04317431677089967,104,26,104,26
5,2022-06-27 → 2024-12-16,2022-06-27 → 2024-06-17,2024-06-24 → 2024-12-16,all_11,11,,0.6666102220786545,3.2428624935952755,0.06702744506114788,0.43007806013269434,0.11254668984756924,-0.031097878301520443,104,26,104,26
5,2022-06-27 → 2024-12-16,2022-06-27 → 2024-06-17,2024-06-24 → 2024-12-16,no_AVOL,10,AVOL,0.9709917425204474,3.1696777869184736,0.104937502605013,0.41941921494822565,0.11277325295768201,-0.03110176486509153,104,26,104,26
5,2022-06-27 → 2024-12-16,2022-06-27 → 2024-06-17,2024-06-24 → 2024-12-16,no_Q,10,Q,0.4420345766322135,3.1350896910479613,0.04446126595864719,0.3845464555704168,0.10580931374547589,-0.029571420217570532,104,26,104,26
5,2022-06-27 → 2024-12-16,2022-06-27 → 2024-06-17,2024-06-24 → 2024-12-16,no_RSJ,10,RSJ,0.805148974556021,3.036077590901491,0.07897123398275152,0.40999089647758113,0.11563393147664548,-0.0339125858219409,104,26,104,26
5,2022-06-27 → 2024-12-16,2022-06-27 → 2024-06-17,2024-06-24 → 2024-12-16,no_OFI,10,OFI,0.4694045466407873,3.1953256993700228,0.0479633380328075,0.44671900485838467,0.11805016313748172,-0.03323745714939119,104,26,104,26
5,2022-06-27 → 2024-12-16,2022-06-27 → 2024-06-17,2024-06-24 → 2024-12-16,no_CPVm,10,CPVm,0.45486627590509915,3.198655770351158,0.04141461028920834,0.4211393719929293,0.11211100836262748,-0.03205279391333482,104,26,104,26
5,2022-06-27 → 2024-12-16,2022-06-27 → 2024-06-17,2024-06-24 → 2024-12-16,no_CPVv,10,CPVv,0.6248037598762036,3.117917453525563,0.06260267698070465,0.3892175075676747,0.10753717479218312,-0.03151640924545651,104,26,104,26
5,2022-06-27 → 2024-12-16,2022-06-27 → 2024-06-17,2024-06-24 → 2024-12-16,no_WRspread,10,WRspread,0.6666102220786545,3.2428624935952755,0.06702744506114788,0.43007806013269434,0.11254668984756924,-0.031097878301520443,104,26,104,26
5,2022-06-27 → 2024-12-16,2022-06-27 → 2024-06-17,2024-06-24 → 2024-12-16,no_TopChg,10,TopChg,0.6666102220786545,3.2428624935952755,0.06702744506114788,0.43007806013269434,0.11254668984756924,-0.031097878301520443,104,26,104,26
5,2022-06-27 → 2024-12-16,2022-06-27 → 2024-06-17,2024-06-24 → 2024-12-16,no_Quad,10,Quad,0.6666102220786545,3.2428624935952755,0.06702744506114788,0.43007806013269434,0.11254668984756924,-0.031097878301520443,104,26,104,26
5,2022-06-27 → 2024-12-16,2022-06-27 → 2024-06-17,2024-06-24 → 2024-12-16,no_TKU,10,TKU,0.8538153983087198,3.0628039760640298,0.08849018451489421,0.4309976585614934,0.11962771631769949,-0.0351754880454499,104,26,104,26
5,2022-06-27 → 2024-12-16,2022-06-27 → 2024-06-17,2024-06-24 → 2024-12-16,no_TSKD,10,TSKD,0.6944316249905167,3.7478033083785394,0.07546746197292697,0.5294016801651154,0.115519178778113,-0.03179573280426484,104,26,104,26
6,2022-12-26 → 2025-06-16,2022-12-26 → 2024-12-16,2024-12-23 → 2025-06-16,all_11,11,,1.7885346989082194,3.3241350857175544,0.2019205240567541,0.33675174042210987,0.0886812392181817,-0.01767811333265612,104,26,104,26
6,2022-12-26 → 2025-06-16,2022-12-26 → 2024-12-16,2024-12-23 → 2025-06-16,no_AVOL,10,AVOL,2.043743580273927,2.4772278842898485,0.23917760029754054,0.250415191336288,0.09202950521774189,-0.020487194397968422,104,26,104,26
6,2022-12-26 → 2025-06-16,2022-12-26 → 2024-12-16,2024-12-23 → 2025-06-16,no_Q,10,Q,1.4543165616913454,2.6256560418019355,0.16964285779724264,0.32505737930849254,0.10965491142221306,-0.024213482871278225,104,26,104,26
6,2022-12-26 → 2025-06-16,2022-12-26 → 2024-12-16,2024-12-23 → 2025-06-16,no_RSJ,10,RSJ,1.9647065403118091,3.6062716690014898,0.2163173852262239,0.31796155212871335,0.07755429448673626,-0.012762689589546405,104,26,104,26
6,2022-12-26 → 2025-06-16,2022-12-26 → 2024-12-16,2024-12-23 → 2025-06-16,no_OFI,10,OFI,1.4906240861722972,4.223258033743872,0.1818037732587141,0.4222485560914817,0.0844897219400299,-0.01469761314223672,104,26,104,26
6,2022-12-26 → 2025-06-16,2022-12-26 → 2024-12-16,2024-12-23 → 2025-06-16,no_CPVm,10,CPVm,1.6814364252391871,3.8943222406890863,0.17642887843029964,0.3410428750630399,0.07627702806638421,-0.013352191218440446,104,26,104,26
6,2022-12-26 → 2025-06-16,2022-12-26 → 2024-12-16,2024-12-23 → 2025-06-16,no_CPVv,10,CPVv,1.596714288574533,2.9913472204225897,0.17661084593931053,0.31845755064173376,0.09406873549598932,-0.02046577798141047,104,26,104,26
6,2022-12-26 → 2025-06-16,2022-12-26 → 2024-12-16,2024-12-23 → 2025-06-16,no_WRspread,10,WRspread,1.7885346989082194,3.3241350857175544,0.2019205240567541,0.33675174042210987,0.0886812392181817,-0.01767811333265612,104,26,104,26
6,2022-12-26 → 2025-06-16,2022-12-26 → 2024-12-16,2024-12-23 → 2025-06-16,no_TopChg,10,TopChg,1.7885346989082194,3.3241350857175544,0.2019205240567541,0.33675174042210987,0.0886812392181817,-0.01767811333265612,104,26,104,26
6,2022-12-26 → 2025-06-16,2022-12-26 → 2024-12-16,2024-12-23 → 2025-06-16,no_Quad,10,Quad,1.7885346989082194,3.3241350857175544,0.2019205240567541,0.33675174042210987,0.0886812392181817,-0.01767811333265612,104,26,104,26
6,2022-12-26 → 2025-06-16,2022-12-26 → 2024-12-16,2024-12-23 → 2025-06-16,no_TKU,10,TKU,1.9477562687147345,3.4530460109665073,0.22581442412624853,0.34188048195186527,0.08643213682424604,-0.017188975048462063,104,26,104,26
6,2022-12-26 → 2025-06-16,2022-12-26 → 2024-12-16,2024-12-23 → 2025-06-16,no_TSKD,10,TSKD,1.9333157836334138,2.888595598234419,0.23367520111149842,0.3415601735956475,0.10377645714938374,-0.02032672765264376,104,26,104,26
7,2023-06-26 → 2025-12-15,2023-06-26 → 2025-06-16,2025-06-23 → 2025-12-15,all_11,11,,2.3242447155385064,0.6215425321349963,0.25781682893772984,0.08602223902909412,0.15086037675479846,-0.06659051849931563,104,26,104,26
7,2023-06-26 → 2025-12-15,2023-06-26 → 2025-06-16,2025-06-23 → 2025-12-15,no_AVOL,10,AVOL,2.340319912216911,0.5974487429376071,0.2693498059541217,0.08272731945842482,0.15219168002109768,-0.06832242322497395,104,26,104,26
7,2023-06-26 → 2025-12-15,2023-06-26 → 2025-06-16,2025-06-23 → 2025-12-15,no_Q,10,Q,1.8860198475236276,0.9171566074093346,0.22009420709866356,0.131152016768445,0.14587827234584674,-0.06030462744513887,104,26,104,26
7,2023-06-26 → 2025-12-15,2023-06-26 → 2025-06-16,2025-06-23 → 2025-12-15,no_RSJ,10,RSJ,2.5941349394946873,0.36324549314275256,0.27926253465397743,0.045633145426092314,0.15592621304889095,-0.07498265627707323,104,26,104,26
7,2023-06-26 → 2025-12-15,2023-06-26 → 2025-06-16,2025-06-23 → 2025-12-15,no_OFI,10,OFI,2.267525627239653,0.6233493882213599,0.266450879333354,0.08985422720677017,0.15772752529945638,-0.06445678709489155,104,26,104,26
7,2023-06-26 → 2025-12-15,2023-06-26 → 2025-06-16,2025-06-23 → 2025-12-15,no_CPVm,10,CPVm,2.393908562925195,0.6026457623060502,0.2474860780075907,0.07928699404284889,0.14344506890894929,-0.06308018444953145,104,26,104,26
7,2023-06-26 → 2025-12-15,2023-06-26 → 2025-06-16,2025-06-23 → 2025-12-15,no_CPVv,10,CPVv,2.010851732203495,0.9301606835228968,0.2180392246101326,0.13561667017419698,0.1484998912989633,-0.06383917437398445,104,26,104,26
7,2023-06-26 → 2025-12-15,2023-06-26 → 2025-06-16,2025-06-23 → 2025-12-15,no_WRspread,10,WRspread,2.3242447155385064,0.6215425321349963,0.25781682893772984,0.08602223902909412,0.15086037675479846,-0.06659051849931563,104,26,104,26
7,2023-06-26 → 2025-12-15,2023-06-26 → 2025-06-16,2025-06-23 → 2025-12-15,no_TopChg,10,TopChg,2.3242447155385064,0.6215425321349963,0.25781682893772984,0.08602223902909412,0.15086037675479846,-0.06659051849931563,104,26,104,26
7,2023-06-26 → 2025-12-15,2023-06-26 → 2025-06-16,2025-06-23 → 2025-12-15,no_Quad,10,Quad,2.3242447155385064,0.6215425321349963,0.25781682893772984,0.08602223902909412,0.15086037675479846,-0.06659051849931563,104,26,104,26
7,2023-06-26 → 2025-12-15,2023-06-26 → 2025-06-16,2025-06-23 → 2025-12-15,no_TKU,10,TKU,2.4185497621014083,0.1347704344960823,0.27187213333460547,0.00898993829182837,0.15795433139950688,-0.07520522035504729,104,26,104,26
7,2023-06-26 → 2025-12-15,2023-06-26 → 2025-06-16,2025-06-23 → 2025-12-15,no_TSKD,10,TSKD,2.285854639821603,0.742049313791642,0.27719021783369713,0.10477894392069742,0.14908593088932975,-0.06350894370316984,104,26,104,26
8,2023-12-25 → 2026-06-15,2023-12-25 → 2025-12-15,2025-12-22 → 2026-06-15,all_11,11,,1.7474483120328606,-1.1049347357626538,0.21379595924856454,-0.13992529598224512,0.12893784901283145,-0.12493586532135703,104,26,104,26
8,2023-12-25 → 2026-06-15,2023-12-25 → 2025-12-15,2025-12-22 → 2026-06-15,no_AVOL,10,AVOL,1.4528922713671846,-1.347707745595956,0.1783245211974851,-0.17112115329509825,0.1326718339429463,-0.14502076566127198,104,26,104,26
8,2023-12-25 → 2026-06-15,2023-12-25 → 2025-12-15,2025-12-22 → 2026-06-15,no_Q,10,Q,1.643817006622711,-0.9350137354482341,0.20532406984870888,-0.12563686203656643,0.1341321375690269,-0.12056892608344272,104,26,104,26
8,2023-12-25 → 2026-06-15,2023-12-25 → 2025-12-15,2025-12-22 → 2026-06-15,no_RSJ,10,RSJ,1.643401357268827,-0.31326331807255153,0.20001282005022314,-0.04518488381556063,0.12388358181135484,-0.09841427578166184,104,26,104,26
8,2023-12-25 → 2026-06-15,2023-12-25 → 2025-12-15,2025-12-22 → 2026-06-15,no_OFI,10,OFI,1.8776935311154201,-1.4808763093807338,0.24181090583525267,-0.18675967657413206,0.13349114565412593,-0.13729740347639474,104,26,104,26
8,2023-12-25 → 2026-06-15,2023-12-25 → 2025-12-15,2025-12-22 → 2026-06-15,no_CPVm,10,CPVm,1.7430961733169106,-0.9714538520623524,0.2021158035907622,-0.13153196583653792,0.13573286158958842,-0.1283382436202215,104,26,104,26
8,2023-12-25 → 2026-06-15,2023-12-25 → 2025-12-15,2025-12-22 → 2026-06-15,no_CPVv,10,CPVv,1.798406953527199,-0.9629069640623626,0.21843468204166472,-0.12743615401246922,0.13256843732389043,-0.10903423820377467,104,26,104,26
8,2023-12-25 → 2026-06-15,2023-12-25 → 2025-12-15,2025-12-22 → 2026-06-15,no_WRspread,10,WRspread,1.7474483120328606,-1.1049347357626538,0.21379595924856454,-0.13992529598224512,0.12893784901283145,-0.12493586532135703,104,26,104,26
8,2023-12-25 → 2026-06-15,2023-12-25 → 2025-12-15,2025-12-22 → 2026-06-15,no_TopChg,10,TopChg,1.7474483120328606,-1.1049347357626538,0.21379595924856454,-0.13992529598224512,0.12893784901283145,-0.12493586532135703,104,26,104,26
8,2023-12-25 → 2026-06-15,2023-12-25 → 2025-12-15,2025-12-22 → 2026-06-15,no_Quad,10,Quad,1.7474483120328606,-1.1049347357626538,0.21379595924856454,-0.13992529598224512,0.12893784901283145,-0.12493586532135703,104,26,104,26
8,2023-12-25 → 2026-06-15,2023-12-25 → 2025-12-15,2025-12-22 → 2026-06-15,no_TKU,10,TKU,1.6932616388604567,-1.6410145497571225,0.2093366939989496,-0.18166396072901492,0.11783681640928793,-0.12998061778708325,104,26,104,26
8,2023-12-25 → 2026-06-15,2023-12-25 → 2025-12-15,2025-12-22 → 2026-06-15,no_TSKD,10,TSKD,1.8230369615632078,-0.9668922465700199,0.23726464106159173,-0.12546476593829448,0.1300155301984234,-0.11933226391593876,104,26,104,26
9,2024-06-24 → 2026-08-17,2024-06-24 → 2026-06-15,2026-06-22 → 2026-08-17,all_11,11,,1.2350724691672834,-2.9921015401339335,0.1559694291091236,-0.6469252497106097,0.32747438125911704,-0.2031776696354871,104,8,104,9
9,2024-06-24 → 2026-08-17,2024-06-24 → 2026-06-15,2026-06-22 → 2026-08-17,no_AVOL,10,AVOL,0.9894561170405337,-3.157675012758743,0.12342418269752442,-0.5957030500398888,0.2732794569597912,-0.18091183866398763,104,8,104,9
9,2024-06-24 → 2026-08-17,2024-06-24 → 2026-06-15,2026-06-22 → 2026-08-17,no_Q,10,Q,1.2494880577199925,-2.678593847336725,0.1606165464905398,-0.6364688117127468,0.35199484505351597,-0.20448012943781613,104,8,104,9
9,2024-06-24 → 2026-08-17,2024-06-24 → 2026-06-15,2026-06-22 → 2026-08-17,no_RSJ,10,RSJ,1.331850115835151,-3.1042063980698305,0.16709019184369156,-0.6577288841026683,0.32560294872149315,-0.20356001678695823,104,8,104,9
9,2024-06-24 → 2026-08-17,2024-06-24 → 2026-06-15,2026-06-22 → 2026-08-17,no_OFI,10,OFI,1.2338993947167745,-2.918760200862022,0.16208193882296773,-0.6735310097019819,0.35840329812054306,-0.21822793296430876,104,8,104,9
9,2024-06-24 → 2026-08-17,2024-06-24 → 2026-06-15,2026-06-22 → 2026-08-17,no_CPVm,10,CPVm,1.2604303997530355,-2.9025273373426415,0.15609235433393032,-0.6082209080886403,0.3048711116149852,-0.19083921998729259,104,8,104,9
9,2024-06-24 → 2026-08-17,2024-06-24 → 2026-06-15,2026-06-22 → 2026-08-17,no_CPVv,10,CPVv,1.271854068400539,-3.1408558596726364,0.16069026856606583,-0.6791791138193208,0.34045441791284514,-0.21456624609736175,104,8,104,9
9,2024-06-24 → 2026-08-17,2024-06-24 → 2026-06-15,2026-06-22 → 2026-08-17,no_WRspread,10,WRspread,1.2350724691672834,-2.9921015401339335,0.1559694291091236,-0.6469252497106097,0.32747438125911704,-0.2031776696354871,104,8,104,9
9,2024-06-24 → 2026-08-17,2024-06-24 → 2026-06-15,2026-06-22 → 2026-08-17,no_TopChg,10,TopChg,1.2350724691672834,-2.9921015401339335,0.1559694291091236,-0.6469252497106097,0.32747438125911704,-0.2031776696354871,104,8,104,9
9,2024-06-24 → 2026-08-17,2024-06-24 → 2026-06-15,2026-06-22 → 2026-08-17,no_Quad,10,Quad,1.2350724691672834,-2.9921015401339335,0.1559694291091236,-0.6469252497106097,0.32747438125911704,-0.2031776696354871,104,8,104,9
9,2024-06-24 → 2026-08-17,2024-06-24 → 2026-06-15,2026-06-22 → 2026-08-17,no_TKU,10,TKU,0.9836191137047472,-3.0152397957440114,0.12212908215306273,-0.6136187410805154,0.2985919110251765,-0.18761165013672265,104,8,104,9
9,2024-06-24 → 2026-08-17,2024-06-24 → 2026-06-15,2026-06-22 → 2026-08-17,no_TSKD,10,TSKD,1.4092113869378808,-2.911349422676997,0.18657748909554783,-0.686639453713575,0.3714202101539674,-0.22374370991175174,104,8,104,9
